Platform,Type,Key Strength,Automation Level,AI/ML Capabilities,Incident Prevention,MTTR Impact,Pricing Model,Best For,Unique Differentiator
PagerDuty,Incident Response Platform,"ML-powered automation, predictive analytics","Workflow automation, ML triage",ML for alert grouping & prioritization,Limited,Not specified,$15-41/user/month,Enterprises needing ML-powered workflows,"Industry leader, extensive integrations"
Opsgenie (Atlassian),Alerting & On-Call,"Cost-effective, Atlassian integration","Basic automation, custom workflows",Limited AI/ML features,No,Not specified,$9-29/user/month,"SMBs, Atlassian shops","Low cost, free status pages"
Datadog Incident Management,Observability + Incident Mgmt,Unified observability + incident mgmt,Auto-remediation workflows,AI-generated postmortems,Synthetic monitoring,Not specified,$30-36/seat/month,Teams already using Datadog observability,Integrated with full observability stack
ServiceNow AIOps,Enterprise ITOM/AIOps,"Enterprise ITOM, predictive analytics","Self-healing, predictive remediation","Predictive AIOps, anomaly detection",Predictive analytics,50% improvement cited,Enterprise (custom),"Large enterprises, complex ITOM","Zero outages strategy, CMDB integration"
BigPanda,Event Correlation/AIOps,"95%+ noise reduction, event correlation","Automated triage, ticket creation","Open Box ML, root cause analysis",Event correlation only,Not specified,Enterprise (custom),Large IT ops teams with alert fatigue,"95%+ noise reduction, Open Box ML"
Splunk OnCall,Enterprise Incident Response,Splunk ecosystem integration,"ML-based routing, runbook automation",ML alert triage,No,50% reduction,$15/user/month,Splunk ecosystem users,Deep Splunk analytics integration
xMatters,Workflow Automation,"Workflow automation, ITSM integration",Code-free workflow builder,Signal Intelligence,Proactive issue management,Not specified,$39/user/month,Enterprises needing custom workflows,Adaptive incident management
Moogsoft,AIOps/Event Correlation,Domain-agnostic event correlation,"Alert correlation, ML-based grouping",Advanced ML algorithms,Early anomaly detection,Not specified,Custom/Enterprise,Multi-domain event management,Domain-agnostic correlation
IBM Watson AIOps,Enterprise AIOps,"NLP/AI, topology-aware analysis",Automated diagnosis & resolution,"Watson NLP, explainable AI",Predictive incident detection,80% improvement,Enterprise (custom),Enterprises with complex topologies,"Watson AI, explainable recommendations"
Autonomous Incident Commander,Autonomous Multi-Agent System,"Zero-touch resolution, preventive AI",Full autonomous incident lifecycle,"Multi-agent consensus, predictive prevention","15-30 min failure prediction, 68% prevention",91% reduction (32 min â†’ 2.8 min),Hackathon/Development,Organizations needing autonomous operations,"Agent swarm coordination, Byzantine consensus"
